model,accuracy,precision,recall,f1,roc_auc,pr_auc
logistic_regression,0.8245,0.14177215189873418,0.8235294117647058,0.24190064794816415,0.9069540859822189,0.38176196610560775
random_forest,0.98,0.9375,0.4411764705882353,0.6,0.9630259712580684,0.77465703392031
gradient_boosting,0.9855,0.8823529411764706,0.6617647058823529,0.7563025210084033,0.9696748264523202,0.8013575517529887
