batch,recall,precision,f1,roc_auc,predicted_failure_rate,actual_failure_rate,avg_torque
0,0.7272727272727273,0.4444444444444444,0.5517241379310345,0.9544047283985364,0.05389221556886228,0.03293413173652695,39.78802395102088
1,0.3888888888888889,0.35,0.3684210526315789,0.8396624472573839,0.059880239520958084,0.05389221556886228,43.03412675309059
2,0.2857142857142857,0.047619047619047616,0.08163265306122448,0.791849255039439,0.12612612612612611,0.021021021021021023,47.01008834094851
3,0.6428571428571429,0.13636363636363635,0.225,0.8746081504702194,0.1981981981981982,0.042042042042042045,49.40427750254095
4,0.6363636363636364,0.08641975308641975,0.15217391304347827,0.8530491247882552,0.24324324324324326,0.03303303303303303,52.452925255824454
5,0.8571428571428571,0.05555555555555555,0.10434782608695652,0.7432077125328659,0.32432432432432434,0.021021021021021023,54.730863161035465
